,App,Size,Genres,Current Ver
0,Photo Editor & Candy Camera & Grid & ScrapBook,19M,Art & Design,1.0.0
1,Coloring book moana,14M,Art & Design;Pretend Play,2.0.0
2,"U Launcher Lite â€“ FREE Live Cool Themes, Hide Apps",8.7M,Art & Design,1.2.4
5,Paper flowers instructions,5.6M,Art & Design,1.0
6,Smoke Effect Photo Maker - Smoke Editor,19M,Art & Design,1.1
7,Infinite Painter,29M,Art & Design,6.1.61.1
15,Learn To Draw Kawaii Characters,2.7M,Art & Design,
16,Photo Designer - Write your name with shapes,5.5M,Art & Design,3.1
17,350 Diy Room Decor Ideas,17M,Art & Design,1.0
18,FlipaClip - Cartoon animation,39M,Art & Design,2.2.5
